INSERT INTO `role` (`id`, `name`) 
VALUES 
    (1, 'Basic User'),
    (2, 'Restricted'),
    (3, 'Judge'),
    (4, 'Staff');

INSERT INTO `criteria` (`name`, `maxScore`)
VALUES
    ('Expertise', 30),
    ('Cohesion', 30),
    ('Creativity', 30),
    ('Judge Impression', 10);

INSERT INTO `contest` (`id`, `votingStartedAt`, `votingEndedAt`, `submissionsStartedAt`, `submissionsEndedAt`, `judgingStartedAt`, `judgingEndedAt`, `resultsAt`)
VALUES (1, '09/14/2020', '09/22/2020', '09/23/2020', '09/30/2020', '10/01/2020', '11/01/2020', '11/02/2020', '11/20/2020', '11/21/2020');

INSERT INTO `category` (`id`, `name`, `contestId`)
VALUES
    (1, 'FA', 1),
    (2, 'INST', 1),
    (3, 'VOC', 1);

INSERT INTO `song` (`artist`, `title`, `previewLink`, `isFa`, `contestId`)
VALUES
    ('AriableyeS',' Gunjou no Messiah','https://osu.ppy.sh/beatmaps/artists/93',1, 1),
    ('Camellia',' Circles of Death','https://osu.ppy.sh/beatmaps/artists/31',1, 1),
    ('Camellia',' THE MUZZLE FACING','https://www.youtube.com/watch?v=L-Yv4gUyvt4&ab_channel=CamelliaOfficial',1, 1),
    ('Cranky',' Danger & Danger','https://osu.ppy.sh/beatmaps/artists/23',1, 1),
    ('Frums',' Pictured as Perfect','https://osu.ppy.sh/beatmaps/artists/68',1, 1),
    ('Frums',' Wavetapper','https://osu.ppy.sh/beatmaps/artists/68',1, 1),
    ('Kobaryo',' Glitched Character','https://osu.ppy.sh/beatmaps/artists/96',1, 1),
    ('MDK','Infinite','https://osu.ppy.sh/beatmaps/artists/61',1, 1),
    ('meganeko',' IO','http://osu.ppy.sh/beatmaps/artists/75',1, 1),
    ('O2i3',' Heart Function','https://osu.ppy.sh/beatmaps/artists/74',1, 1),
    ('sakuraburst',' SELF DESTRUCT','https://osu.ppy.sh/beatmaps/artists/8',1, 1),
    ('Silentroom',' F1055','https://osu.ppy.sh/beatmaps/artists/92',1, 1),
    ('Silentroom',' 驟雨の狭間','https://osu.ppy.sh/beatmaps/artists/92',1, 1),
    ('sound souler',' eternalism 3','https://www.youtube.com/watch?v=xah9Rou3-h8',1, 1),
    ('Street',' Φ (Phi)','https://osu.ppy.sh/beatmaps/artists/89',1, 1),
    ('UNDEAD CORPORATION',' The Revolution','https://osu.ppy.sh/beatmaps/artists/45',1, 1),
    ('UNDEAD CORPORATION',' White Reflection','https://osu.ppy.sh/beatmaps/artists/45',1, 1),
    ('UNDEAD CORPORATION',' Xing Noises','https://osu.ppy.sh/beatmaps/artists/45',1, 1),
    ('Umeboshi Chazuke',' Cineraria','http://osu.ppy.sh/beatmaps/artists/98',1, 1),
    ('Zekk',' Re_Construct','https://osu.ppy.sh/beatmaps/artists/76',1, 1),
    ('ABBERLOOP',' ソレソレ：','https://music.163.com/#/song?id=29307597',0, 1),
    ('ABSOLUTE CASTAWAY',' 桜花狂咲','http://music.163.com/song?id=687341&userid=314080170',0, 1),
    ('Aika',' Love Machine','https://www.youtube.com/watch?v=zlBlud2v2G8',0, 1),
    ('Aika',' Neon Pink (feat. Hana)','http://music.163.com/song?id=550137215 | https://www.youtube.com/watch?v=vJ5HWBpDARo',0, 1),
    ('Apo11o月読命program vs. NeLiME OVERDRIVE',' Re:VeLΔTiØN ～光道ト破壊ノ双白翼～','https://m.soundcloud.com/apo11o_program/reveltion-vsnelime-overdrivefrom-cytus-ii-1',0, 1),
    ('aran',' KALACAKLA','https://www.youtube.com/watch?v=e_FUNMn2opk',0, 1),
    ('BasTeT',' Dark Legacy','https://www.youtube.com/watch?v=kWgvKDlCgC0',0, 1),
    ('CANVAS feat. Quimär',' Carmina','https://www.youtube.com/watch?v=rounzqRTwmc',0, 1),
    ('Cerotte','锦上添花','http://music.163.com/song?id=767669',0, 1),
    ('Chronoxia',' DJ Totoriott','https://www.youtube.com/watch?v=nDSHlIAWPr4&ab_channel=%E3%82%BE%E3%83%AD%E6%9D%B0',0, 1),
    ('CK',' Clotho and the Stargazer','https://www.youtube.com/watch?v=nvPFEA8UCYQ',0, 1),
    ('C-Show',' ツアー・ファイナル','http://music.163.com/song?id=1384353759&userid=341580206',0, 1),
    ('DUSTCELL',' DERO','https://youtu.be/iFKXsCZGV8A',0, 1),
    ('eufonius',' S/N','https://music.163.com/#/song?id=26608149',0, 1),
    ('Faylan','Ancient Guardian','https://www.bilibili.com/video/BV1Gs411j71K',0, 1),
    ('Feryquitous',' Akzeriyyuth','https://www.youtube.com/watch?v=Iy18TaIabfo',0, 1),
    ('Feryquitous',' Lethal','https://music.163.com/song?id=1469875267&userid=128663605',0, 1),
    ('Feryquitous',' 窓','https://www.xiami.com/song/1798187721',0, 1),
    ('Feryquitous x 藍月なくる',' LHAHEIN','https://www.youtube.com/watch?v=XiHdDvaFWFQ',0, 1),
    ('Frums',' Thinker Walker Dreamer Scatter','https://m.soundcloud.com/diversesystem/thinker-walker-dreamer-scatter-frums',0, 1),
    ('Grant',' Weapon (feat. Baum)','http://music.163.com/song?id=488641755 | https://www.youtube.com/watch?v=nPKDy-lxED4',0, 1),
    ('HIMEHINA','Mr.VIRTUALIZER','https://www.youtube.com/watch?v=9mR5y5DAVSg',0, 1),
    ('HIMEHINA','ヒトガタ','https://www.youtube.com/watch?v=J8PUUv4LFkQ',0, 1),
    ('HITORIE',' Coyote and Ghost','https://www.youtube.com/watch?v=W9LBQZtFrvE',0, 1),
    ('Hommarju',' Wowie Zowie!','https://music.163.com/song?id=543987435&userid=9892384',0, 1),
    ('ikaruga_nex',' Lilith ambivalence lovers','https://www.youtube.com/watch?v=6hxbsm_WZUc',0, 1),
    ('Infected Mushroom',' Bust A Move','https://y.music.163.com/m/song?id=18348402&userid=467890646',0, 1),
    ('kamome sano','self-destruction','https://www.youtube.com/watch?v=i4_K7WpkPS8',0, 1),
    ('lapix',' Carry me away：','https://www.youtube.com/watch?v=KjechQT-Agw',0, 1),
    ('lapix','〆','https://www.youtube.com/watch?v=ev2MAAOUzfg',0, 1),
    ('Leaf',' MARENOL','https://osu.ppy.sh/beatmapsets/1136149#osu/2404721',0, 1),
    ('Lindsey Stirling',' Underground','https://www.youtube.com/watch?v=EJ09pSuA9hw',0, 1),
    ('M2U',' Cherry Blossom:','https://www.youtube.com/watch?v=rPjKoMBmoSQ',0, 1),
    ('Masayoshi Iimori',' Flow:','http://music.163.com/song?id=1307251630&userid=341580206',0, 1),
    ('Meganeko',' distance','https://youtu.be/S-WhmI7K7ug',0, 1),
    ('Mili',' Cerebrite','https://www.youtube.com/watch?v=uGYk8nfIuKw',0, 1),
    ('Mili',' String Theocracy','https://youtu.be/nOj_A3aZxGs',0, 1),
    ('NceS','Burn','https://www.bilibili.com/video/BV1qE411D7UE',0, 1),
    ('NceS v.s. SunsetRay',' Cereris','https://www.bilibili.com/video/BV1ub411P7Ro',0, 1),
    ('Nizikawa',' Maxi','https://www.xiami.com/song/1795716995',0, 1),
    ('nonoc',' memento','https://music.163.com/#/song?id=1475841362',0, 1),
    ('onoken',' Felys final remix','https://www.youtube.com/watch?v=kg-V_uQYZLY',0, 1),
    ('Porter Robinson',' Get Your Wish (DJ NOT PORTER ROBINSON Remix)','http://music.163.com/song?id=1463381796 | https://www.youtube.com/watch?v=CwZtyJeLbq0',0, 1),
    ('PSYQUI',' Be There','https://www.youtube.com/watch?v=zcVmHs_WzXU&ab_channel=RyuuMusic',0, 1),
    ('PSYQUI',' Stepper','https://www.youtube.com/watch?v=gFhdZJ2NXF0&ab_channel=HeartMelodies',0, 1),
    ('Rabpit',' Saika：','https://music.163.com/#/song?id=32358447',0, 1),
    ('REDALiCE',' デッド・オア・ダイ','https://youtu.be/Jxu7FxW0o5w',0, 1),
    ('Rigel Theatre',' spika','https://osu.ppy.sh/beatmapsets/993379',0, 1),
    ('Roselia',' Opera of the wasteland','https://music.163.com/#/song?id=546724077',0, 1),
    ('Roselia',' Ringing Bloom','https://music.163.com/#/song?id=1379837427',0, 1),
    ('sekai',' ．','https://www.youtube.com/watch?v=RA22ZGGiV9A',0, 1),
    ('Se-U-Ra',' Suture Lily','https://diversesystem.bandcamp.com/track/suture-lily',0, 1),
    ('ShibayanRecords',' Desert Years','https://www.youtube.com/watch?v=Nq-YGrZpdsg',0, 1),
    ('sky_delta',' All Clear!!：','https://www.xiami.com/song/1811501420',0, 1),
    ('Sleeping Pola',' ochitasemiwomiteiru','https://www.youtube.com/watch?v=gsCVy3aEivk | https://www.sleepingpola.com',0, 1),
    ('somunia',' Rewind you','https://youtu.be/tzY7vm1lvVc',0, 1),
    ('Sound Horizon',' Ark','http://music.163.com/song?id=22782030&userid=314080170',0, 1),
    ('Sound Horizon',' 蔷薇の塔で眠る姫君','http://music.163.com/song?id=22782009&userid=314080170',0, 1),
    ('Sta',' Chrono Joust','https://youtu.be/VqGQw0QSsFU',0, 1),
    ('Supercell',' Perfect Day','https://music.163.com/#/song?id=22709613',0, 1),
    ('unatra',' Attack on Dwarf','https://music.163.com/song?id=447279246&userid=9892384',0, 1),
    ('VeetaCrush','Sterelogue','https://www.youtube.com/watch?v=9xaXXWOTYeI',0, 1),
    ('Yooh',' Strongholds','https://www.youtube.com/watch?v=_b3i_dkWjFk',0, 1),
    ('Yunomi',' Yunomix vol. 4','https://osu.ppy.sh/beatmapsets/1148645',0, 1),
    ('Yunosuke',' Phantasia','https://www.youtube.com/watch?v=Wlnwc7-tOIc',0, 1),
    ('あず♪',' 秋竜 ～Shiuryu～','https://youtu.be/uSikYJTWriY',0, 1),
    ('かねこちはる',' 雪女','https://music.163.com/song?id=41672474&userid=80147147',0, 1),
    ('さくらみこ、宝鐘マリン、AZKi','Kiss me! Choose me!','https://www.youtube.com/watch?v=k12oVF-o528',0, 1),
    ('すりぃfeat.鏡音レン',' ジャンキーナイトタウンオーケストラ','https://youtu.be/E1PGiyRjqkU',0, 1),
    ('ヒゲドライバー',' ボカロPになりたい','https://www.bilibili.com/video/av34175531/',0, 1),
    ('ぺのれり',' 気焔万丈神楽','https://youtu.be/krOWg9CC7X8',0, 1),
    ('ほたる',' 桜輪廻','https://www.youtube.com/watch?v=z4cQgNTHwms',0, 1),
    ('ゆゆうた',' 咲くは小さな夢の華','https://youtu.be/9NaskuG42v4',0, 1),
    ('れをる',' レッド・パージ！！！：','https://music.163.com/#/song?id=29593225',0, 1),
    ('ヰ世界情緒',' ハイドレンジア','https://youtu.be/lqTS5eaEhbI',0, 1),
    ('佐藤聡美',' お月見数え唄','https://osu.ppy.sh/beatmapsets/993366',0, 1),
    ('夏萝','永月夜','http://music.163.com/song?id=421934050&userid=103900720',0, 1),
    ('庭師',' Cyclone♠Joker:','https://www.youtube.com/watch?v=-yfiKvZl7yE',0, 1),
    ('影翔鼓舞',' 銀梅花','https://osu.ppy.sh/beatmapsets/1187942',0, 1),
    ('星街すいせい with ホロライブファンタジー','佐賀事変','https://www.youtube.com/watch?v=-wNSFmqhQsU&vl=ja',0, 1),
    ('有形ランペイジ',' 世界五分後神話 feat. mami','https://www.youtube.com/watch?v=33HhfJsg2LE',0, 1),
    ('猫叉Master',' The Sky of Sadness','https://www.youtube.com/watch?v=YYbeaJcQEMQ',0, 1),
    ('猫叉Master+',' Proof of the existence','https://www.youtube.com/watch?v=0rfb6LuMAz0&t=3s&ab_channel=djM2fiesta',0, 1),
    ('真野綾・矢吹高音',' 黄泉のイザナミ','https://youtu.be/WgxdB-6jPtI',0, 1),
    ('石野卓球',' ポリネシア','https://y.music.163.com/m/song?id=413978&userid=467890646',0, 1),
    ('綾瀬理恵',' 理恵のRie☆Ringマーチ！','https://music.163.com/song?id=28496054&userid=9892384',0, 1),
    ('葉月ゆら',' Fairy Ring ','https://osu.ppy.sh/beatmapsets/1180435',0, 1),
    ('葉月ゆら',' Secret Rose Garden','http://music.163.com/song?id=1455985335&userid=1319770081',0, 1),
    ('葉月ゆら',' 夜叉天狗と幽世の森','https://music.163.com/#/song?id=1401032909&userid=1319770081',0, 1),
    ('葉月ゆら',' 幻燈遊郭','https://youtu.be/sb0xYhVIJ60',0, 1),
    ('葉月ゆら','風雅 ','https://osu.ppy.sh/beatmapsets/94790#osu/254914',0, 1),
    ('霜月はるか',' Puzzle','http://music.163.com/song?id=22765768&userid=314080170',0, 1),
    ('魔界都市ニイガタ',' 浮世絵横丁','https://www.youtube.com/watch?v=lJjXxEhLhyI',0, 1),
    ('葉月ゆら',' 龙と桜巫女 instrumental','http://music.163.com/song?id=580592&userid=103900720',0, 1);


/** Dummy data **/
INSERT INTO `user` (`id`, `osuId`, `username`, `roleId`)
VALUES
    (1,1052994,'Milan-',4),
    (2,6100837,'Imakuri',1),
    (3,3178418,'pishifat',1),
    (4,6399568,'YokesPai',1),
    (5,9648246,'delusional',1),
    (6,5428909,'DTM9 Nowa',1),
    (7,1997633,'Riana',1),
    (8,2916414,'-PC',1),
    (9,6491613,'-Tatsuo',1),
    (10,9070739,'Phynta',1),
    (11,3868653,'waefwerf',1),
    (12,4150829,'Arbane',1),
    (13,2850983,'Pachiru',1),
    (14,9910665,'Matissse',1),
    (15,2716981,'Nozhomi',1),
    (16,3076909,'Mafumafu',1),
    (17,5999631,'Venix',1),
    (18,10234218,'Chai the Tea',1),
    (19,1943309,'Acyl',1),
    (20,4525153,'xLolicore-',1),
    (21,8406396,'Yudragen',1),
    (22,5918561,'J1_',1),
    (23,918297,'Realazy',1),
    (24,4600383,'Nakano Itsuki',1),
    (25,689997,'captin1',1),
    (26,5745865,'Altai',1),
    (27,2204515,'Mao',1),
    (28,2628870,'Chaos',1),
    (29,10520912,'Teky',1),
    (30,9155377,'hypercyte',1),
    (31,4966334,'DeviousPanda',1),
    (32,2688103,'IOException',1),
    (33,12882468,'jasontime12345',1),
    (34,9828042,'Yooh',3),
    (35,9131844,'AYE1337',3),
    (36,7458583,'Frakturehawkens',3),
    (37,6642617,'Serizawa Haruki',3),
    (38,3723742,'Pennek',3);
